--dummy data
insert into customer (id, name, addr) values (1, 'Adam Mackin', '807 Main Street Alexandria, VA 22304');
insert into customer (id, name, addr) values (2, 'Darron Tyler', '766 Myers St.Hephzibah, GA 30815');
insert into customer (id, name, addr) values (3, 'Alayna Clingman', '8822C Howard Dr. Silver Spring, MD 20901');
insert into customer (id, name, addr) values (4, 'Tamica Knisley', '63 Johnson Street Beloit, WI 53511');
insert into customer (id, name, addr) values (5, 'Ashlee Sypher', '55 John Street Manitowoc, WI 54220');
insert into customer (id, name, addr) values (6, 'Sally Krenz', '7070 W. Green Lake Ave. Coram, NY 11727');
insert into customer (id, name, addr) values (7, 'Angelyn Bontrager', '7832 Oakwood St. Southaven, MS 38671');
insert into customer (id, name, addr) values (8, 'Leigh Fravel', '397 Ashley Court Manchester, NH 03102');
insert into customer (id, name, addr) values (9, 'Illa Telfer', '9476 Orchard St. Southgate, MI 48195');
insert into customer (id, name, addr) values (10, 'Lettie Loch', '8664 Clark Rd. Amityville, NY 11701');
insert into customer (id, name, addr) values (11, 'Agustina Mckown', '224 Briarwood Street New Britain, CT 06051');
commit;

insert into product(serial,price,name,description,manufactured) values ('hX8HSY7UHze57AfV', 93, 'A+ Electronics', 'description here', CURRENT_TIMESTAMP);
insert into product(serial,price,name,description,manufactured) values ('CfD6VvfgQqYugygR', 33, 'A+ Investments', 'description here', CURRENT_TIMESTAMP);
insert into product(serial,price,name,description,manufactured) values ('94jY5EUDqc2Qm4q9', 49, 'A Plus Lawn Care', 'description here', CURRENT_TIMESTAMP);
insert into product(serial,price,name,description,manufactured) values ('qcbNyN63fBjPxzvU', 29, 'Access Asia', 'description here', CURRENT_TIMESTAMP);
insert into product(serial,price,name,description,manufactured) values ('GSRnhARhWkMLfF7u', 43, 'Accord Investments', 'description here', CURRENT_TIMESTAMP);
insert into product(serial,price,name,description,manufactured) values ('TQyGWaAdDkMky6S2', 04, 'Acuserv', 'description here', CURRENT_TIMESTAMP);
insert into product(serial,price,name,description,manufactured) values ('EMPqxrLYnArP2das', 90, 'Adapt', 'description here', CURRENT_TIMESTAMP);
insert into product(serial,price,name,description,manufactured) values ('64N78QKWxfb5vxQP', 30, 'Adaptabiz', 'description here', CURRENT_TIMESTAMP);
insert into product(serial,price,name,description,manufactured) values ('FUQzmd6pN8knd2ED', 00, 'Adaptas', 'description here', CURRENT_TIMESTAMP);
insert into product(serial,price,name,description,manufactured) values ('PyFaeb7B7HCMb9ph', 09, 'Adaptaz', 'description here', CURRENT_TIMESTAMP);
insert into product(serial,price,name,description,manufactured) values ('dcqVVVYBHuYRzaMU', 45, 'Advansed Teksyztems', 'description here', CURRENT_TIMESTAMP);
insert into product(serial,price,name,description,manufactured) values ('Gap7dWQ5VrhgZxSZ', 93, 'Affinity Investment Group', 'description here', CURRENT_TIMESTAMP);
insert into product(serial,price,name,description,manufactured) values ('bfyvv22VfYmmxHps', 50, 'Afforda', 'description here', CURRENT_TIMESTAMP);
insert into product(serial,price,name,description,manufactured) values ('jZG7pYAKn2PNbLe5', 93, 'Afforda Merchant Services', 'description here', CURRENT_TIMESTAMP);
insert into product(serial,price,name,description,manufactured) values ('cCAmcc2Q4cmVMWXu', 43, 'Alert Alarm Company', 'description here', CURRENT_TIMESTAMP);
insert into product(serial,price,name,description,manufactured) values ('yRxVmhwTbq8brrfy', 95, 'Alladin Realty', 'description here', CURRENT_TIMESTAMP);
insert into product(serial,price,name,description,manufactured) values ('8DTvTNUQQdaXUrD4', 05, 'Alladins Lamp', 'description here', CURRENT_TIMESTAMP);
insert into product(serial,price,name,description,manufactured) values ('69xfdzTu2UAZcNFu', 54, 'Architectural Genie', 'description here', CURRENT_TIMESTAMP);
insert into product(serial,price,name,description,manufactured) values ('CUasScCV6xpvWpAM', 30, 'Asian Answers', 'description here', CURRENT_TIMESTAMP);
insert into product(serial,price,name,description,manufactured) values ('kxVqpYyhBsv7TXqG', 42, 'Asian Fusion', 'description here', CURRENT_TIMESTAMP);
insert into product(serial,price,name,description,manufactured) values ('rN77J234CM78VRxT', 19, 'Asian Junction', 'description here', CURRENT_TIMESTAMP);
insert into product(serial,price,name,description,manufactured) values ('w6MZbtJG7akcyfyy', 67, 'Asian Plan', 'description here', CURRENT_TIMESTAMP);
insert into product(serial,price,name,description,manufactured) values ('hjwChg32n45Ys8Sn', 14, 'Asian Solutions', 'description here', CURRENT_TIMESTAMP);
insert into product(serial,price,name,description,manufactured) values ('FUT8SFwPyjUy3WRp', 25, 'Asiatic Solutions', 'description here', CURRENT_TIMESTAMP);
insert into product(serial,price,name,description,manufactured) values ('5vFtDNskqmQZdQZR', 72, 'Atlas Architectural Designs', 'description here', CURRENT_TIMESTAMP);
insert into product(serial,price,name,description,manufactured) values ('netKT4mju3ZUbQpY', 15, 'Atlas Realty', 'description here', CURRENT_TIMESTAMP);
insert into product(serial,price,name,description,manufactured) values ('VRKArWengHrbRzcW', 19, 'Avant Garde Appraisal', 'description here', CURRENT_TIMESTAMP);
insert into product(serial,price,name,description,manufactured) values ('cmSQLDtXQUKG5YqX', 02, 'Avant Garde Appraisal Group', 'description here', CURRENT_TIMESTAMP);
insert into product(serial,price,name,description,manufactured) values ('mrCLuePg7d2ZBDJ4', 80, 'Avant Garde Interior Designs', 'description here', CURRENT_TIMESTAMP);
insert into product(serial,price,name,description,manufactured) values ('PthZauEpt6kQHFhp', 74, 'Awthentikz', 'description here', CURRENT_TIMESTAMP);
insert into product(serial,price,name,description,manufactured) values ('z3L7tdy9qGQWEvrT', 11, 'Back To Basics Chiropractic Clinic', 'description here', CURRENT_TIMESTAMP);
insert into product(serial,price,name,description,manufactured) values ('57WP75tBFVCmTbMq', 18, 'Balanced Fortune', 'description here', CURRENT_TIMESTAMP);
insert into product(serial,price,name,description,manufactured) values ('eXL2tsJ99EJJf2S2', 44, 'Beasts of Beauty', 'description here', CURRENT_TIMESTAMP);
insert into product(serial,price,name,description,manufactured) values ('chjV6msUPHSJDrB4', 07, 'Belle Ladi', 'description here', CURRENT_TIMESTAMP);
insert into product(serial,price,name,description,manufactured) values ('KHQhKe4DVrvvbTWX', 32, 'Belle Lady', 'description here', CURRENT_TIMESTAMP);
insert into product(serial,price,name,description,manufactured) values ('885wbcVtH93RytVc', 79, 'Benesome', 'description here', CURRENT_TIMESTAMP);
insert into product(serial,price,name,description,manufactured) values ('68LAVAd7smhcBztG', 39, 'Best Biz Survis', 'description here', CURRENT_TIMESTAMP);
insert into product(serial,price,name,description,manufactured) values ('qChn5pE2V76TRK3G', 15, 'Better Business Ideas and Services', 'description here', CURRENT_TIMESTAMP);
insert into product(serial,price,name,description,manufactured) values ('P9kyLHbhKb4MLr7s', 77, 'Buena Vista Garden Maintenance', 'description here', CURRENT_TIMESTAMP);
insert into product(serial,price,name,description,manufactured) values ('jC8RvQyh4zvRLgtf', 56, 'Buena Vista Realty Service', 'description here', CURRENT_TIMESTAMP);
insert into product(serial,price,name,description,manufactured) values ('uG8a45NMSCFzLAc8', 13, 'Body Fate', 'description here', CURRENT_TIMESTAMP);
insert into product(serial,price,name,description,manufactured) values ('vBTrxXcFN57X6kDp', 12, 'Body Toning', 'description here', CURRENT_TIMESTAMP);
insert into product(serial,price,name,description,manufactured) values ('FFSxTVYfvkb8TUCR', 02, 'Bold Ideas', 'description here', CURRENT_TIMESTAMP);
insert into product(serial,price,name,description,manufactured) values ('FgZxyKQ8PvCUhnHS', 42, 'Bonanza Produce Stores', 'description here', CURRENT_TIMESTAMP);
insert into product(serial,price,name,description,manufactured) values ('K7eybY3Qdw332n2s', 72, 'Bountiful Harvest Health Food Store', 'description here', CURRENT_TIMESTAMP);
insert into product(serial,price,name,description,manufactured) values ('ZtNCKU3AEP88pH8A', 68, 'Brilliant Home Designs', 'description here', CURRENT_TIMESTAMP);
insert into product(serial,price,name,description,manufactured) values ('6z84Zw2JWXUTJrtE', 25, 'Capitalcorp', 'description here', CURRENT_TIMESTAMP);
insert into product(serial,price,name,description,manufactured) values ('ZXacPd9Xy8bnQamK', 49, 'Castle Realty', 'description here', CURRENT_TIMESTAMP);
insert into product(serial,price,name,description,manufactured) values ('FRm2bsCng7G3y2s6', 54, 'Chargepal', 'description here', CURRENT_TIMESTAMP);
insert into product(serial,price,name,description,manufactured) values ('wKa6FENf9BMJDbZb', 52, 'Choices', 'description here', CURRENT_TIMESTAMP);
commit;

insert into buy_order (id, fk_customer, total_price, created) values (1, 1 ,  6348, CURRENT_TIMESTAMP);
insert into buy_order (id, fk_customer, total_price, created) values (2, 1 ,  9924, CURRENT_TIMESTAMP);
insert into buy_order (id, fk_customer, total_price, created) values (3, 2 ,  6284, CURRENT_TIMESTAMP);
insert into buy_order (id, fk_customer, total_price, created) values (4, 3 ,  1288, CURRENT_TIMESTAMP);
insert into buy_order (id, fk_customer, total_price, created) values (5, 3 ,  9854, CURRENT_TIMESTAMP);
insert into buy_order (id, fk_customer, total_price, created) values (6, 3 ,  5212, CURRENT_TIMESTAMP);
insert into buy_order (id, fk_customer, total_price, created) values (7, 4 ,  2839, CURRENT_TIMESTAMP);
insert into buy_order (id, fk_customer, total_price, created) values (8, 4 ,  8867, CURRENT_TIMESTAMP);
insert into buy_order (id, fk_customer, total_price, created) values (9, 5 ,  1104, CURRENT_TIMESTAMP);
insert into buy_order (id, fk_customer, total_price, created) values (10, 6 , 3815, CURRENT_TIMESTAMP);
insert into buy_order (id, fk_customer, total_price, created) values (11, 7 , 4185, CURRENT_TIMESTAMP);
insert into buy_order (id, fk_customer, total_price, created) values (12, 7 , 3994, CURRENT_TIMESTAMP);
insert into buy_order (id, fk_customer, total_price, created) values (13, 7 , 3845, CURRENT_TIMESTAMP);
insert into buy_order (id, fk_customer, total_price, created) values (14, 7 , 8562, CURRENT_TIMESTAMP);
insert into buy_order (id, fk_customer, total_price, created) values (15, 8 , 3823, CURRENT_TIMESTAMP);
insert into buy_order (id, fk_customer, total_price, created) values (16, 8 , 2740, CURRENT_TIMESTAMP);
insert into buy_order (id, fk_customer, total_price, created) values (17, 9 , 6479, CURRENT_TIMESTAMP);
insert into buy_order (id, fk_customer, total_price, created) values (18, 10, 6748, CURRENT_TIMESTAMP);
insert into buy_order (id, fk_customer, total_price, created) values (19, 11, 3517, CURRENT_TIMESTAMP);
insert into buy_order (id, fk_customer, total_price, created) values (20, 11, 5800, CURRENT_TIMESTAMP);
commit;

insert into buy_order_detail (fk_buy_order, fk_product, position, quantity) values (1,   'hX8HSY7UHze57AfV' , 1, 0 );
insert into buy_order_detail (fk_buy_order, fk_product, position, quantity) values (2,   'CfD6VvfgQqYugygR' , 2, 9 );
insert into buy_order_detail (fk_buy_order, fk_product, position, quantity) values (3,   '94jY5EUDqc2Qm4q9' , 3, 5 );
insert into buy_order_detail (fk_buy_order, fk_product, position, quantity) values (4,   'qcbNyN63fBjPxzvU' , 1, 3 );
insert into buy_order_detail (fk_buy_order, fk_product, position, quantity) values (5,   'GSRnhARhWkMLfF7u' , 2, 0 );
insert into buy_order_detail (fk_buy_order, fk_product, position, quantity) values (6,   'TQyGWaAdDkMky6S2' , 3, 1 );
insert into buy_order_detail (fk_buy_order, fk_product, position, quantity) values (7,   'EMPqxrLYnArP2das' , 1, 3 );
insert into buy_order_detail (fk_buy_order, fk_product, position, quantity) values (8,   '64N78QKWxfb5vxQP' , 2, 8 );
insert into buy_order_detail (fk_buy_order, fk_product, position, quantity) values (9,   'FUQzmd6pN8knd2ED' , 3, 4 );
insert into buy_order_detail (fk_buy_order, fk_product, position, quantity) values (10,  'PyFaeb7B7HCMb9ph' , 1, 2 );
insert into buy_order_detail (fk_buy_order, fk_product, position, quantity) values (11,  'dcqVVVYBHuYRzaMU' , 2, 8 );
insert into buy_order_detail (fk_buy_order, fk_product, position, quantity) values (12,  'Gap7dWQ5VrhgZxSZ' , 3, 5 );
insert into buy_order_detail (fk_buy_order, fk_product, position, quantity) values (13,  'bfyvv22VfYmmxHps' , 1, 2 );
insert into buy_order_detail (fk_buy_order, fk_product, position, quantity) values (14,  'jZG7pYAKn2PNbLe5' , 2, 4 );
insert into buy_order_detail (fk_buy_order, fk_product, position, quantity) values (15,  'cCAmcc2Q4cmVMWXu' , 3, 3 );
insert into buy_order_detail (fk_buy_order, fk_product, position, quantity) values (16,  'yRxVmhwTbq8brrfy' , 1, 1 );
insert into buy_order_detail (fk_buy_order, fk_product, position, quantity) values (17,  '8DTvTNUQQdaXUrD4' , 2, 6 );
insert into buy_order_detail (fk_buy_order, fk_product, position, quantity) values (18,  '69xfdzTu2UAZcNFu' , 3, 8 );
insert into buy_order_detail (fk_buy_order, fk_product, position, quantity) values (19,  'CUasScCV6xpvWpAM' , 1, 3 );
insert into buy_order_detail (fk_buy_order, fk_product, position, quantity) values (20,  'kxVqpYyhBsv7TXqG' , 2, 2 );
insert into buy_order_detail (fk_buy_order, fk_product, position, quantity) values (1,   'FUQzmd6pN8knd2ED' , 3, 9 );
insert into buy_order_detail (fk_buy_order, fk_product, position, quantity) values (2,   'PyFaeb7B7HCMb9ph' , 1, 9 );
insert into buy_order_detail (fk_buy_order, fk_product, position, quantity) values (3,   'dcqVVVYBHuYRzaMU' , 2, 7 );
insert into buy_order_detail (fk_buy_order, fk_product, position, quantity) values (4,   'Gap7dWQ5VrhgZxSZ' , 3, 1 );
insert into buy_order_detail (fk_buy_order, fk_product, position, quantity) values (5,   'bfyvv22VfYmmxHps' , 1, 5 );
insert into buy_order_detail (fk_buy_order, fk_product, position, quantity) values (6,   'jZG7pYAKn2PNbLe5' , 2, 5 );
insert into buy_order_detail (fk_buy_order, fk_product, position, quantity) values (7,   'cCAmcc2Q4cmVMWXu' , 3, 6 );
insert into buy_order_detail (fk_buy_order, fk_product, position, quantity) values (8,   'yRxVmhwTbq8brrfy' , 1, 1 );
insert into buy_order_detail (fk_buy_order, fk_product, position, quantity) values (9,   '8DTvTNUQQdaXUrD4' , 2, 3 );
insert into buy_order_detail (fk_buy_order, fk_product, position, quantity) values (10,  '69xfdzTu2UAZcNFu' , 3, 7 );
insert into buy_order_detail (fk_buy_order, fk_product, position, quantity) values (11,  'CUasScCV6xpvWpAM' , 1, 4 );
insert into buy_order_detail (fk_buy_order, fk_product, position, quantity) values (12,  'kxVqpYyhBsv7TXqG' , 2, 6 );
insert into buy_order_detail (fk_buy_order, fk_product, position, quantity) values (13,  'rN77J234CM78VRxT' , 3, 5 );
insert into buy_order_detail (fk_buy_order, fk_product, position, quantity) values (14,  'w6MZbtJG7akcyfyy' , 1, 9 );
insert into buy_order_detail (fk_buy_order, fk_product, position, quantity) values (15,  'hjwChg32n45Ys8Sn' , 2, 7 );
insert into buy_order_detail (fk_buy_order, fk_product, position, quantity) values (16,  'FUT8SFwPyjUy3WRp' , 3, 8 );
insert into buy_order_detail (fk_buy_order, fk_product, position, quantity) values (17,  '5vFtDNskqmQZdQZR' , 1, 1 );
insert into buy_order_detail (fk_buy_order, fk_product, position, quantity) values (18,  'netKT4mju3ZUbQpY' , 2, 6 );
insert into buy_order_detail (fk_buy_order, fk_product, position, quantity) values (19,  'VRKArWengHrbRzcW' , 3, 1 );
insert into buy_order_detail (fk_buy_order, fk_product, position, quantity) values (20,  'cmSQLDtXQUKG5YqX' , 1, 1 );
insert into buy_order_detail (fk_buy_order, fk_product, position, quantity) values (1,   'mrCLuePg7d2ZBDJ4' , 2, 8 );
insert into buy_order_detail (fk_buy_order, fk_product, position, quantity) values (2,   'PthZauEpt6kQHFhp' , 3, 2 );
insert into buy_order_detail (fk_buy_order, fk_product, position, quantity) values (3,   'z3L7tdy9qGQWEvrT' , 1, 7 );
insert into buy_order_detail (fk_buy_order, fk_product, position, quantity) values (4,   '57WP75tBFVCmTbMq' , 2, 9 );
insert into buy_order_detail (fk_buy_order, fk_product, position, quantity) values (5,   'eXL2tsJ99EJJf2S2' , 3, 6 );
insert into buy_order_detail (fk_buy_order, fk_product, position, quantity) values (6,   'chjV6msUPHSJDrB4' , 1, 5 );
insert into buy_order_detail (fk_buy_order, fk_product, position, quantity) values (7,   'KHQhKe4DVrvvbTWX' , 2, 3 );
insert into buy_order_detail (fk_buy_order, fk_product, position, quantity) values (8,   '885wbcVtH93RytVc' , 3, 2 );
insert into buy_order_detail (fk_buy_order, fk_product, position, quantity) values (9,   '68LAVAd7smhcBztG' , 1, 6 );
insert into buy_order_detail (fk_buy_order, fk_product, position, quantity) values (10,  'qChn5pE2V76TRK3G' , 2, 0 );
insert into buy_order_detail (fk_buy_order, fk_product, position, quantity) values (11,  'P9kyLHbhKb4MLr7s' , 3, 8 );
insert into buy_order_detail (fk_buy_order, fk_product, position, quantity) values (12,  'jC8RvQyh4zvRLgtf' , 1, 9 );
insert into buy_order_detail (fk_buy_order, fk_product, position, quantity) values (13,  'uG8a45NMSCFzLAc8' , 2, 7 );
insert into buy_order_detail (fk_buy_order, fk_product, position, quantity) values (14,  'vBTrxXcFN57X6kDp' , 3, 7 );
insert into buy_order_detail (fk_buy_order, fk_product, position, quantity) values (15,  'FFSxTVYfvkb8TUCR' , 1, 3 );
insert into buy_order_detail (fk_buy_order, fk_product, position, quantity) values (16,  'FgZxyKQ8PvCUhnHS' , 2, 4 );
insert into buy_order_detail (fk_buy_order, fk_product, position, quantity) values (17,  'K7eybY3Qdw332n2s' , 3, 4 );
insert into buy_order_detail (fk_buy_order, fk_product, position, quantity) values (18,  'ZtNCKU3AEP88pH8A' , 1, 9 );
insert into buy_order_detail (fk_buy_order, fk_product, position, quantity) values (19,  '6z84Zw2JWXUTJrtE' , 2, 8 );
insert into buy_order_detail (fk_buy_order, fk_product, position, quantity) values (20,  'ZXacPd9Xy8bnQamK' , 3, 9 );

commit;

insert into app_settings (name, value, descr) values ('jibx.xml.path', 'c:/projects/products.xml', 'Path to XML data for JIBX unmarsalling');
insert into app_settings (name, value, descr) values ('ws.endpoint.url', 'http://localhost:7001/DateWS/DateServiceService', 'Url to date fetch web service deployment');

commit;